SET TIMEZONE=8;

BEGIN TRANSACTION;
SET CONSTRAINTS ALL DEFERRED;
INSERT INTO Employees(employee_id, employee_name, employee_address, employee_phone, employee_email, employee_join_date, employee_depart_date) VALUES (1, 'John ', 'Jurong', 91234567, 'john@gmail.com', '2020-12-12', '2022-05-05');
INSERT INTO Employees(employee_id, employee_name, employee_address, employee_phone, employee_email, employee_join_date, employee_depart_date) VALUES (2, 'Jane ', 'Yishun', 92345678, 'jane@gmail.com', '2020-02-13', '2022-05-20');
INSERT INTO Employees(employee_id, employee_name, employee_address, employee_phone, employee_email, employee_join_date, employee_depart_date) VALUES (3, 'Alice ', 'Changi', 93456789, 'alice@gmail.com', '2020-01-15', '2022-05-01');
INSERT INTO Employees(employee_id, employee_name, employee_address, employee_phone, employee_email, employee_join_date, employee_depart_date) VALUES (4, 'Bob ', 'Expo', 94567890, 'bob@gmail.com', '2019-12-17', '2022-05-02');
INSERT INTO Employees(employee_id, employee_name, employee_address, employee_phone, employee_email, employee_join_date, employee_depart_date) VALUES (5, 'Tom ', 'Jurong', 95678901, 'tom@gmail.com', '2018-01-01', '2022-05-03');
INSERT INTO Employees(employee_id, employee_name, employee_address, employee_phone, employee_email, employee_join_date, employee_depart_date) VALUES (6, 'Harry', 'Pasir Ris', 96789012, 'harry@gmail.com', '2018-02-02', '2022-05-03');
INSERT INTO Employees(employee_id, employee_name, employee_address, employee_phone, employee_email, employee_join_date, employee_depart_date) VALUES (7, 'Dick ', 'Bugis', 97890123, 'dick@gmail.com', '2020-02-03', '2022-05-10');
INSERT INTO Employees(employee_id, employee_name, employee_address, employee_phone, employee_email, employee_join_date, employee_depart_date) VALUES (8, 'Gary', 'Pasir Ris', 93234123, 'Gary@gmail.com', '2020-01-15', '2022-05-11');
INSERT INTO Customers(customer_id, customer_phone, customer_address, customer_name, customer_email) VALUES (1, 81234567, 'Jurong', 'Karla', 'Karla@gmail.com');
INSERT INTO Customers(customer_id, customer_phone, customer_address, customer_name, customer_email) VALUES (2, 82345678, 'Yishun', 'Samual', 'Samual@gmail.com');
INSERT INTO Customers(customer_id, customer_phone, customer_address, customer_name, customer_email) VALUES (3, 83456789, 'Changi', 'Taren', 'Taren@gmail.com');
INSERT INTO Customers(customer_id, customer_phone, customer_address, customer_name, customer_email) VALUES (4, 84567890, 'Expo', 'Debi', 'Debi@gmail.com');
INSERT INTO Customers(customer_id, customer_phone, customer_address, customer_name, customer_email) VALUES (5, 85678901, 'Jurong', 'Aisha', 'Aisha@gmail.com');
INSERT INTO Customers(customer_id, customer_phone, customer_address, customer_name, customer_email) VALUES (6, 86789012, 'Pasir Ris', 'Kesha', 'Kesha@gmail.com');
INSERT INTO Customers(customer_id, customer_phone, customer_address, customer_name, customer_email) VALUES (7, 87890123, 'Bugis', 'Liane', 'Liane@gmail.com');
INSERT INTO Customers(customer_id, customer_phone, customer_address, customer_name, customer_email) VALUES (8, 88901234, 'Jurong', 'Cuc', 'Cuc@gmail.com');
INSERT INTO Customers(customer_id, customer_phone, customer_address, customer_name, customer_email) VALUES (9, 89012345, 'Yishun', 'Tara ', 'Tara@gmail.com');
INSERT INTO Customers(customer_id, customer_phone, customer_address, customer_name, customer_email) VALUES (10, 80123456, 'Changi', 'Natalya', 'Natalya@gmail.com');
INSERT INTO FullTimeEmployees(employee_id, employee_monthly_salary) VALUES (2, 1000);
INSERT INTO FullTimeEmployees(employee_id, employee_monthly_salary) VALUES (3, 2000);
INSERT INTO FullTimeEmployees(employee_id, employee_monthly_salary) VALUES (6, 3000);
INSERT INTO FullTimeEmployees(employee_id, employee_monthly_salary) VALUES (7, 4000);
INSERT INTO FullTimeEmployees(employee_id, employee_monthly_salary) VALUES (8, 5000);
INSERT INTO PartTimeEmployees(employee_id, employee_hourly_rate) VALUES (1, 8);
INSERT INTO PartTimeEmployees(employee_id, employee_hourly_rate) VALUES (4, 9);
INSERT INTO PartTimeEmployees(employee_id, employee_hourly_rate) VALUES (5, 10);
INSERT INTO Instructors(instructor_id) VALUES (1);
INSERT INTO Instructors(instructor_id) VALUES (4);
INSERT INTO Instructors(instructor_id) VALUES (5);
INSERT INTO Instructors(instructor_id) VALUES (8);
INSERT INTO Administrators(admin_id) VALUES (6);
INSERT INTO Administrators(admin_id) VALUES (7);
INSERT INTO Managers(manager_id) VALUES (2);
INSERT INTO Managers(manager_id) VALUES (3);
INSERT INTO FullTimeInstructors(instructor_id) VALUES (8);
INSERT INTO PartTimeInstructors(instructor_id) VALUES (1);
INSERT INTO PartTimeInstructors(instructor_id) VALUES (4);
INSERT INTO PartTimeInstructors(instructor_id) VALUES (5);
INSERT INTO CreditCards(credit_card_number, credit_card_cvv, credit_card_expiry_date) VALUES ('2221009800535070', '001', '2025-03-31 00:00:00');
INSERT INTO CreditCards(credit_card_number, credit_card_cvv, credit_card_expiry_date) VALUES ('2720992912410510', '002', '2025-04-01 00:00:00');
INSERT INTO CreditCards(credit_card_number, credit_card_cvv, credit_card_expiry_date) VALUES ('5221346498258540', '003', '2025-04-02 00:00:00');
INSERT INTO CreditCards(credit_card_number, credit_card_cvv, credit_card_expiry_date) VALUES ('5581206674057870', '004', '2025-04-03 00:00:00');
INSERT INTO CreditCards(credit_card_number, credit_card_cvv, credit_card_expiry_date) VALUES ('5464313917268790', '005', '2025-04-04 00:00:00');
INSERT INTO CreditCards(credit_card_number, credit_card_cvv, credit_card_expiry_date) VALUES ('2720992107020130', '006', '2025-04-05 00:00:00');
INSERT INTO CreditCards(credit_card_number, credit_card_cvv, credit_card_expiry_date) VALUES ('5329566110098690', '007', '2025-04-06 00:00:00');
INSERT INTO CreditCards(credit_card_number, credit_card_cvv, credit_card_expiry_date) VALUES ('5512067006104390', '008', '2025-04-07 00:00:00');
INSERT INTO CreditCards(credit_card_number, credit_card_cvv, credit_card_expiry_date) VALUES ('5276695735345690', '009', '2025-04-08 00:00:00');
INSERT INTO CreditCards(credit_card_number, credit_card_cvv, credit_card_expiry_date) VALUES ('5197566571366670', '010', '2025-04-09 00:00:00');
INSERT INTO Owns(customer_id, credit_card_number, own_from_date) VALUES (1, '2221009800535070', '2021-01-31 00:00:00');
INSERT INTO Owns(customer_id, credit_card_number, own_from_date) VALUES (2, '2720992912410510', '2021-02-01 00:00:00');
INSERT INTO Owns(customer_id, credit_card_number, own_from_date) VALUES (3, '5221346498258540', '2021-02-02 00:00:00');
INSERT INTO Owns(customer_id, credit_card_number, own_from_date) VALUES (4, '5581206674057870', '2021-02-03 00:00:00');
INSERT INTO Owns(customer_id, credit_card_number, own_from_date) VALUES (5, '5464313917268790', '2021-02-04 00:00:00');
INSERT INTO Owns(customer_id, credit_card_number, own_from_date) VALUES (6, '2720992107020130', '2021-02-05 00:00:00');
INSERT INTO Owns(customer_id, credit_card_number, own_from_date) VALUES (7, '5329566110098690', '2021-02-06 00:00:00');
INSERT INTO Owns(customer_id, credit_card_number, own_from_date) VALUES (8, '5512067006104390', '2021-02-07 00:00:00');
INSERT INTO Owns(customer_id, credit_card_number, own_from_date) VALUES (9, '5276695735345690', '2021-02-08 00:00:00');
INSERT INTO Owns(customer_id, credit_card_number, own_from_date) VALUES (10, '5197566571366670', '2021-02-09 00:00:00');
INSERT INTO CourseAreas(course_area_name, manager_id) VALUES ('Security', 2);
INSERT INTO CourseAreas(course_area_name, manager_id) VALUES ('Database', 3);
INSERT INTO CourseAreas(course_area_name, manager_id) VALUES ('Maths', 3);
INSERT INTO CourseAreas(course_area_name, manager_id) VALUES ('English', 2);
INSERT INTO CourseAreas(course_area_name, manager_id) VALUES ('Computing', 3);
INSERT INTO Courses(course_id, course_title, course_description, course_duration, course_area_name ) VALUES (1, 'Linear Algebra', 'cool subject', 2, 'Maths');
INSERT INTO Courses(course_id, course_title, course_description, course_duration, course_area_name ) VALUES (2, 'Statistics', 'cool subject', 3, 'Maths');
INSERT INTO Courses(course_id, course_title, course_description, course_duration, course_area_name ) VALUES (3, 'Computer Security', 'cool subject', 2, 'Security');
INSERT INTO Courses(course_id, course_title, course_description, course_duration, course_area_name ) VALUES (4, 'Database', 'cool subject', 4, 'Database');
INSERT INTO Courses(course_id, course_title, course_description, course_duration, course_area_name ) VALUES (5, 'Operatin System', 'cool subject', 7, 'Computing');
INSERT INTO Courses(course_id, course_title, course_description, course_duration, course_area_name ) VALUES (6, 'Web Security', 'cool subject', 5, 'Security');
INSERT INTO Courses(course_id, course_title, course_description, course_duration, course_area_name ) VALUES (7, 'Machine Learning', 'cool subject', 6, 'Computing');
INSERT INTO Courses(course_id, course_title, course_description, course_duration, course_area_name ) VALUES (8, 'Computational Thinking', 'cool subject', 6, 'Computing');
INSERT INTO Courses(course_id, course_title, course_description, course_duration, course_area_name ) VALUES (9, 'Communication', 'cool subject', 8, 'English');
INSERT INTO CourseOfferings(offering_launch_date, offering_fees, offering_registration_deadline, offering_num_target_registration, offering_seating_capacity, course_id, admin_id, offering_start_date, offering_end_date) VALUES ('2021-02-02 00:00:00', 100, '2021-03-18 00:00:00', 2, 2, 1, 7, '2021-03-28 00:00:00', '2021-03-29 00:00:00');
INSERT INTO CourseOfferings(offering_launch_date, offering_fees, offering_registration_deadline, offering_num_target_registration, offering_seating_capacity, course_id, admin_id, offering_start_date, offering_end_date) VALUES ('2021-02-03 00:00:00', 101, '2021-03-19 00:00:00', 3, 3, 2, 6, '2021-03-29 00:00:00', '2021-03-30 00:00:00');
INSERT INTO CourseOfferings(offering_launch_date, offering_fees, offering_registration_deadline, offering_num_target_registration, offering_seating_capacity, course_id, admin_id, offering_start_date, offering_end_date) VALUES ('2021-02-04 00:00:00', 102, '2021-03-20 00:00:00', 5, 5, 3, 6, '2021-03-30 00:00:00', '2021-03-31 00:00:00');
INSERT INTO CourseOfferings(offering_launch_date, offering_fees, offering_registration_deadline, offering_num_target_registration, offering_seating_capacity, course_id, admin_id, offering_start_date, offering_end_date) VALUES ('2021-02-05 00:00:00', 201, '2021-03-21 00:00:00', 10, 10, 4, 6, '2021-03-31 00:00:00', '2021-04-01 00:00:00');
INSERT INTO CourseOfferings(offering_launch_date, offering_fees, offering_registration_deadline, offering_num_target_registration, offering_seating_capacity, course_id, admin_id, offering_start_date, offering_end_date) VALUES ('2021-02-06 00:00:00', 202, '2021-03-22 00:00:00', 30, 30, 5, 7, '2021-04-01 00:00:00', '2021-04-02 00:00:00');
INSERT INTO CourseOfferings(offering_launch_date, offering_fees, offering_registration_deadline, offering_num_target_registration, offering_seating_capacity, course_id, admin_id, offering_start_date, offering_end_date) VALUES ('2021-02-07 00:00:00', 101, '2021-03-23 00:00:00', 8, 8, 6, 6, '2021-04-02 00:00:00', '2021-04-03 00:00:00');
INSERT INTO CourseOfferings(offering_launch_date, offering_fees, offering_registration_deadline, offering_num_target_registration, offering_seating_capacity, course_id, admin_id, offering_start_date, offering_end_date) VALUES ('2021-02-08 00:00:00', 303, '2021-03-24 00:00:00', 7, 7, 7, 7, '2021-04-03 00:00:00', '2021-04-04 00:00:00');
INSERT INTO CourseOfferings(offering_launch_date, offering_fees, offering_registration_deadline, offering_num_target_registration, offering_seating_capacity, course_id, admin_id, offering_start_date, offering_end_date) VALUES ('2021-02-09 00:00:00', 101, '2021-03-25 00:00:00', 35, 35, 8, 6, '2021-04-04 00:00:00', '2021-04-05 00:00:00');
INSERT INTO CourseOfferings(offering_launch_date, offering_fees, offering_registration_deadline, offering_num_target_registration, offering_seating_capacity, course_id, admin_id, offering_start_date, offering_end_date) VALUES ('2021-02-10 00:00:00', 400, '2021-03-26 00:00:00', 23, 23, 9, 7, '2021-04-05 00:00:00', '2021-04-06 00:00:00');
INSERT INTO CoursePackages(package_id, package_name, package_num_free_registrations, package_sale_start_date, package_sale_end_date, package_price) VALUES (1, 'Package 1', 2, '2021-02-28 00:00:00', '2021-03-02 00:00:00', 20);
INSERT INTO CoursePackages(package_id, package_name, package_num_free_registrations, package_sale_start_date, package_sale_end_date, package_price) VALUES (2, 'Package 2', 3, '2021-03-01 00:00:00', '2021-03-03 00:00:00', 30);
INSERT INTO CoursePackages(package_id, package_name, package_num_free_registrations, package_sale_start_date, package_sale_end_date, package_price) VALUES (3, 'Package 3', 4, '2021-03-02 00:00:00', '2021-03-04 00:00:00', 40);
INSERT INTO CoursePackages(package_id, package_name, package_num_free_registrations, package_sale_start_date, package_sale_end_date, package_price) VALUES (4, 'Package 4', 5, '2021-03-03 00:00:00', '2021-03-05 00:00:00', 50);
INSERT INTO CoursePackages(package_id, package_name, package_num_free_registrations, package_sale_start_date, package_sale_end_date, package_price) VALUES (5, 'Package 5', 6, '2021-03-04 00:00:00', '2021-03-06 00:00:00', 60);
INSERT INTO CoursePackages(package_id, package_name, package_num_free_registrations, package_sale_start_date, package_sale_end_date, package_price) VALUES (6, 'Package 6', 7, '2021-03-05 00:00:00', '2021-03-07 00:00:00', 70);
INSERT INTO CoursePackages(package_id, package_name, package_num_free_registrations, package_sale_start_date, package_sale_end_date, package_price) VALUES (7, 'Package 7', 8, '2021-03-06 00:00:00', '2021-03-08 00:00:00', 80);
INSERT INTO CoursePackages(package_id, package_name, package_num_free_registrations, package_sale_start_date, package_sale_end_date, package_price) VALUES (8, 'Package 8', 9, '2021-03-07 00:00:00', '2021-03-09 00:00:00', 90);
INSERT INTO CoursePackages(package_id, package_name, package_num_free_registrations, package_sale_start_date, package_sale_end_date, package_price) VALUES (9, 'Package 9', 10, '2021-03-08 00:00:00', '2021-03-10 00:00:00', 100);
INSERT INTO CoursePackages(package_id, package_name, package_num_free_registrations, package_sale_start_date, package_sale_end_date, package_price) VALUES (10, 'Package 10', 11, '2021-03-09 00:00:00', '2021-03-11 00:00:00', 110);
INSERT INTO Specializes(instructor_id, course_area_name) VALUES (1, 'Security');
INSERT INTO Specializes(instructor_id, course_area_name) VALUES (4, 'Maths');
INSERT INTO Specializes(instructor_id, course_area_name) VALUES (5, 'Maths');
INSERT INTO Specializes(instructor_id, course_area_name) VALUES (5, 'Security');
INSERT INTO Specializes(instructor_id, course_area_name) VALUES (1, 'Database');
INSERT INTO Specializes(instructor_id, course_area_name) VALUES (4, 'Database');
INSERT INTO Specializes(instructor_id, course_area_name) VALUES (1, 'Computing');
INSERT INTO Specializes(instructor_id, course_area_name) VALUES (5, 'Computing');
INSERT INTO Rooms(room_id, room_location, room_seating_capacity) VALUES (1, 'COM1', 2);
INSERT INTO Rooms(room_id, room_location, room_seating_capacity) VALUES (2, 'COM2', 3);
INSERT INTO Rooms(room_id, room_location, room_seating_capacity) VALUES (3, 'COM3', 5);
INSERT INTO Rooms(room_id, room_location, room_seating_capacity) VALUES (4, 'COM4', 10);
INSERT INTO Rooms(room_id, room_location, room_seating_capacity) VALUES (5, 'COM5 ', 30);
INSERT INTO Rooms(room_id, room_location, room_seating_capacity) VALUES (6, 'COM6', 8);
INSERT INTO Rooms(room_id, room_location, room_seating_capacity) VALUES (7, 'COM7', 7);
INSERT INTO Rooms(room_id, room_location, room_seating_capacity) VALUES (8, 'COM8', 35);
INSERT INTO Rooms(room_id, room_location, room_seating_capacity) VALUES (9, 'COM9', 23);
INSERT INTO Sessions(session_id, session_date, session_start_hour, session_end_hour, course_id, offering_launch_date, room_id, instructor_id) VALUES (1, '2021-03-29', 10, 12, 2, '2021-02-03', 2, 5);
INSERT INTO Sessions(session_id, session_date, session_start_hour, session_end_hour, course_id, offering_launch_date, room_id, instructor_id) VALUES (2, '2021-03-30', 14, 16, 2, '2021-02-03', 2, 1);
INSERT INTO Sessions(session_id, session_date, session_start_hour, session_end_hour, course_id, offering_launch_date, room_id, instructor_id) VALUES (1, '2021-03-31', 10, 12, 3, '2021-02-04', 3, 4);
INSERT INTO Sessions(session_id, session_date, session_start_hour, session_end_hour, course_id, offering_launch_date, room_id, instructor_id) VALUES (2, '2021-03-30', 14, 16, 3, '2021-02-04', 3, 5);
INSERT INTO Sessions(session_id, session_date, session_start_hour, session_end_hour, course_id, offering_launch_date, room_id, instructor_id) VALUES (1, '2021-04-01', 10, 12, 4, '2021-02-05', 4, 1);
INSERT INTO Sessions(session_id, session_date, session_start_hour, session_end_hour, course_id, offering_launch_date, room_id, instructor_id) VALUES (2, '2021-03-31', 14, 16, 4, '2021-02-05', 4, 4);
INSERT INTO Sessions(session_id, session_date, session_start_hour, session_end_hour, course_id, offering_launch_date, room_id, instructor_id) VALUES (1, '2021-04-02', 10, 12, 5, '2021-02-06', 5, 5);
INSERT INTO Sessions(session_id, session_date, session_start_hour, session_end_hour, course_id, offering_launch_date, room_id, instructor_id) VALUES (2, '2021-04-01', 14, 16, 5, '2021-02-06', 5, 1);
INSERT INTO Buys(buy_timestamp, buy_num_remaining_redemptions, package_id, customer_id, credit_card_number) VALUES ('2021-03-01 00:00:00', 2, 1, 1, '2221009800535070');
INSERT INTO Buys(buy_timestamp, buy_num_remaining_redemptions, package_id, customer_id, credit_card_number) VALUES ('2021-03-02 00:00:00', 3, 2, 2, '2720992912410510');
INSERT INTO Buys(buy_timestamp, buy_num_remaining_redemptions, package_id, customer_id, credit_card_number) VALUES ('2021-03-03 00:00:00', 4, 3, 3, '5221346498258540');
INSERT INTO Buys(buy_timestamp, buy_num_remaining_redemptions, package_id, customer_id, credit_card_number) VALUES ('2021-03-04 00:00:00', 5, 4, 4, '5581206674057870');
INSERT INTO Buys(buy_timestamp, buy_num_remaining_redemptions, package_id, customer_id, credit_card_number) VALUES ('2021-03-05 00:00:00', 6, 5, 5, '5464313917268790');
INSERT INTO Redeems(redeem_timestamp, buy_timestamp, session_id, offering_launch_date, course_id, redeem_cancelled) VALUES ('2021-03-03 00:00:00', '2021-03-02 00:00:00', 2, '2021-02-03 00:00:00', 2, FALSE);
INSERT INTO Redeems(redeem_timestamp, buy_timestamp, session_id, offering_launch_date, course_id, redeem_cancelled) VALUES ('2021-03-04 00:00:00', '2021-03-03 00:00:00', 1, '2021-02-03 00:00:00', 2, FALSE);
INSERT INTO Redeems(redeem_timestamp, buy_timestamp, session_id, offering_launch_date, course_id, redeem_cancelled) VALUES ('2021-03-05 00:00:00', '2021-03-04 00:00:00', 2, '2021-02-04 00:00:00', 3, FALSE);
INSERT INTO Redeems(redeem_timestamp, buy_timestamp, session_id, offering_launch_date, course_id, redeem_cancelled) VALUES ('2021-03-06 00:00:00', '2021-03-05 00:00:00', 1, '2021-02-04 00:00:00', 3, FALSE);
INSERT INTO Redeems(redeem_timestamp, buy_timestamp, session_id, offering_launch_date, course_id, redeem_cancelled) VALUES ('2021-03-07 00:00:00', '2021-03-02 00:00:00', 1, '2021-02-04 00:00:00', 3, TRUE);
INSERT INTO Registers(register_timestamp, customer_id, credit_card_number, session_id, offering_launch_date, course_id, register_cancelled) VALUES ('2021-03-08 00:00:00', 6, '2720992107020130', 2, '2021-02-05 00:00:00', 4, TRUE);
INSERT INTO Registers(register_timestamp, customer_id, credit_card_number, session_id, offering_launch_date, course_id, register_cancelled) VALUES ('2021-03-09 00:00:00', 7, '5329566110098690', 1, '2021-02-05 00:00:00', 4, FALSE);
INSERT INTO Registers(register_timestamp, customer_id, credit_card_number, session_id, offering_launch_date, course_id, register_cancelled) VALUES ('2021-03-10 00:00:00', 8, '5512067006104390', 2, '2021-02-06 00:00:00', 5, FALSE);
INSERT INTO Registers(register_timestamp, customer_id, credit_card_number, session_id, offering_launch_date, course_id, register_cancelled) VALUES ('2021-03-11 00:00:00', 9, '5276695735345690', 1, '2021-02-06 00:00:00', 5, FALSE);
INSERT INTO Registers(register_timestamp, customer_id, credit_card_number, session_id, offering_launch_date, course_id, register_cancelled) VALUES ('2021-03-12 00:00:00', 10, '5197566571366670', 2, '2021-02-06 00:00:00', 5, FALSE);
INSERT INTO Cancels(cancel_timestamp, cancel_refund_amt, cancel_package_credit, course_id, session_id, offering_launch_date, customer_id) VALUES ('2021-03-09 00:00:00', '180.9', '0', 4, 2, '2021-02-05 00:00:00', 6);
INSERT INTO PaySlips(employee_id, payslip_date, payslip_amount, payslip_num_work_hours) VALUES (1, '2021-03-31 00:00:00', 80, 10);
INSERT INTO PaySlips(employee_id, payslip_date, payslip_amount, payslip_num_work_days) VALUES (2, '2021-03-31 00:00:00', 1000, 10);
INSERT INTO PaySlips(employee_id, payslip_date, payslip_amount, payslip_num_work_days) VALUES (3, '2021-03-31 00:00:00', 2000, 10);
INSERT INTO PaySlips(employee_id, payslip_date, payslip_amount, payslip_num_work_hours) VALUES (4, '2021-03-31 00:00:00', 90, 10);
INSERT INTO PaySlips(employee_id, payslip_date, payslip_amount, payslip_num_work_hours) VALUES (5, '2021-03-31 00:00:00', 1000, 10);
INSERT INTO PaySlips(employee_id, payslip_date, payslip_amount, payslip_num_work_days) VALUES (6, '2021-03-31 00:00:00', 3000, 10);
INSERT INTO PaySlips(employee_id, payslip_date, payslip_amount, payslip_num_work_days) VALUES (7, '2021-03-31 00:00:00', 4000, 10);
END;
