SET TIMEZONE = 8; 
BEGIN TRANSACTION;
INSERT INTO Employees(employee_id, employee_name, employee_address, employee_phone, employee_email, employee_join_date, employee_depart_date) VALUES (1, 'John', 'Jurong', 91234567, 'john@gmail.com', '2020-12-12', NULL);
INSERT INTO Employees(employee_id, employee_name, employee_address, employee_phone, employee_email, employee_join_date, employee_depart_date) VALUES (2, 'Jane', 'Yishun', 92345678, 'jane@gmail.com', '2020-02-13', NULL);
INSERT INTO Employees(employee_id, employee_name, employee_address, employee_phone, employee_email, employee_join_date, employee_depart_date) VALUES (3, 'Alice', 'Changi', 93456789, 'alice@gmail.com', '2020-01-15', NULL);
INSERT INTO Employees(employee_id, employee_name, employee_address, employee_phone, employee_email, employee_join_date, employee_depart_date) VALUES (4, 'Bob', 'Expo', 94567890, 'bob@gmail.com', '2019-12-17', NULL);
INSERT INTO Employees(employee_id, employee_name, employee_address, employee_phone, employee_email, employee_join_date, employee_depart_date) VALUES (5, 'Tom', 'Jurong', 95678901, 'tom@gmail.com', '2018-01-01', NULL);
INSERT INTO Employees(employee_id, employee_name, employee_address, employee_phone, employee_email, employee_join_date, employee_depart_date) VALUES (6, 'Harry', 'Pasir Ris', 96789012, 'harry@gmail.com', '2018-02-02', NULL);
INSERT INTO Employees(employee_id, employee_name, employee_address, employee_phone, employee_email, employee_join_date, employee_depart_date) VALUES (7, 'Dick', 'Bugis', 97890123, 'dick@gmail.com', '2020-02-03', NULL);
INSERT INTO Employees(employee_id, employee_name, employee_address, employee_phone, employee_email, employee_join_date, employee_depart_date) VALUES (8, 'Gary', 'Pasir Ris', 93234123, 'Gary@gmail.com', '2020-01-15', NULL);
INSERT INTO Employees(employee_id, employee_name, employee_address, employee_phone, employee_email, employee_join_date, employee_depart_date) VALUES (9, 'Zom', 'Jurong', 93234124, 'zom@gmail.com', '2018-01-01', NULL);
INSERT INTO Employees(employee_id, employee_name, employee_address, employee_phone, employee_email, employee_join_date, employee_depart_date) VALUES (10, 'Larry', 'Pasir Ris', 93234125, 'larry@gmail.com', '2018-02-02', NULL);
INSERT INTO Employees(employee_id, employee_name, employee_address, employee_phone, employee_email, employee_join_date, employee_depart_date) VALUES (11, 'Lenny', 'Bugis', 93234126, 'lenny@gmail.com', '2020-02-03', NULL);
INSERT INTO Employees(employee_id, employee_name, employee_address, employee_phone, employee_email, employee_join_date, employee_depart_date) VALUES (12, 'Tary', 'Pasir Ris', 93234127, 'tary@gmail.com', '2020-01-15', NULL);
INSERT INTO Employees(employee_id, employee_name, employee_address, employee_phone, employee_email, employee_join_date, employee_depart_date) VALUES (13, 'Ardis', 'Orchard', 85556007, 'ardis@gmail.com', '2020-01-16', NULL);
INSERT INTO Employees(employee_id, employee_name, employee_address, employee_phone, employee_email, employee_join_date, employee_depart_date) VALUES (14, 'Reginald', 'Greenridge', 85551124, 'reginald@gmail.com', '2020-01-17', NULL);
INSERT INTO Employees(employee_id, employee_name, employee_address, employee_phone, employee_email, employee_join_date, employee_depart_date) VALUES (15, 'Ling', 'Kallang', 85554655, 'ling@gmail.com', '2020-01-18', NULL);
INSERT INTO Employees(employee_id, employee_name, employee_address, employee_phone, employee_email, employee_join_date, employee_depart_date) VALUES (16, 'Adella', 'Outram', 95559571, 'adella@gmail.com', '2020-01-27', NULL);
INSERT INTO Employees(employee_id, employee_name, employee_address, employee_phone, employee_email, employee_join_date, employee_depart_date) VALUES (17, 'Keith', 'City Hall', 95555220, 'keith@gmail.com', '2020-05-28', NULL);
INSERT INTO Employees(employee_id, employee_name, employee_address, employee_phone, employee_email, employee_join_date, employee_depart_date) VALUES (18, 'Joella', 'Expo', 95551279, 'joella@gmail.com', '2020-06-17', NULL);
INSERT INTO Employees(employee_id, employee_name, employee_address, employee_phone, employee_email, employee_join_date, employee_depart_date) VALUES (19, 'Tatiana', 'Jurong', 85550508, 'tatiana@gmail.com', '2020-08-14', NULL);
INSERT INTO Employees(employee_id, employee_name, employee_address, employee_phone, employee_email, employee_join_date, employee_depart_date) VALUES (20, 'Sammie', 'Pasir Ris', 95553775, 'sammie@gmail.com', '2020-11-19', NULL);
INSERT INTO Employees(employee_id, employee_name, employee_address, employee_phone, employee_email, employee_join_date, employee_depart_date) VALUES (21, 'Elizebeth', 'Bugis', 85558638, 'elizabeth@gmail.com', '2020-03-21', NULL);
INSERT INTO Employees(employee_id, employee_name, employee_address, employee_phone, employee_email, employee_join_date, employee_depart_date) VALUES (22, 'Sanford', 'Pasir Ris', 85550835, 'sanform@gmail.com', '2020-04-01', NULL);
INSERT INTO Employees(employee_id, employee_name, employee_address, employee_phone, employee_email, employee_join_date, employee_depart_date) VALUES (23, 'Valentina', 'Jurong', 95555964, 'valentina@gmail.com', '2020-04-04', NULL);
INSERT INTO Employees(employee_id, employee_name, employee_address, employee_phone, employee_email, employee_join_date, employee_depart_date) VALUES (24, 'Marth', 'Pasir Ris', 85559508, 'marth@gmail.com', '2020-07-22', NULL);
INSERT INTO Employees(employee_id, employee_name, employee_address, employee_phone, employee_email, employee_join_date, employee_depart_date) VALUES (25, 'Nelda', 'Orchard', 85552564, 'nelda@gmail.com', '2020-08-02', NULL);
INSERT INTO Employees(employee_id, employee_name, employee_address, employee_phone, employee_email, employee_join_date, employee_depart_date) VALUES (26, 'Belle', 'Greenridge', 95554317, 'belle@gmail.com', '2020-08-06', NULL);
INSERT INTO Employees(employee_id, employee_name, employee_address, employee_phone, employee_email, employee_join_date, employee_depart_date) VALUES (27, 'Glen', 'Kallang', 95552699, 'glen@gmail.com', '2020-08-27', NULL);
INSERT INTO Employees(employee_id, employee_name, employee_address, employee_phone, employee_email, employee_join_date, employee_depart_date) VALUES (28, 'Wen', 'Outram', 85550982, 'wen@gmail.com', '2020-09-04', NULL);
INSERT INTO Employees(employee_id, employee_name, employee_address, employee_phone, employee_email, employee_join_date, employee_depart_date) VALUES (29, 'Dorthy', 'City Hall', 95552307, 'dorthy@gmail.com', '2020-09-19', NULL);
INSERT INTO Employees(employee_id, employee_name, employee_address, employee_phone, employee_email, employee_join_date, employee_depart_date) VALUES (30, 'Shirleen', 'Jurong', 85558575, 'shirleen@gmail.com', '2020-12-26', NULL);
INSERT INTO Employees(employee_id, employee_name, employee_address, employee_phone, employee_email, employee_join_date, employee_depart_date) VALUES (31, 'Warren', 'Jurong', 98551623, 'warren@gmail.com', '2021-05-12', NULL);
INSERT INTO Employees(employee_id, employee_name, employee_address, employee_phone, employee_email, employee_join_date, employee_depart_date) VALUES (32, 'Houston', 'Pasir Ris', 98321332, 'houston@gmail.com', '2021-05-25', NULL);
INSERT INTO Employees(employee_id, employee_name, employee_address, employee_phone, employee_email, employee_join_date, employee_depart_date) VALUES (33, 'Linda', 'Orchard', 96438543, 'linda@gmail.com', '2021-06-21', NULL);
INSERT INTO Employees(employee_id, employee_name, employee_address, employee_phone, employee_email, employee_join_date, employee_depart_date) VALUES (34, 'Joellen', 'Greenridge', 92327331, 'joellen@gmail.com', '2021-09-27', NULL);
INSERT INTO Customers(customer_id, customer_phone, customer_address, customer_name, customer_email) VALUES (1, 81234567, 'Jurong', 'Karla', 'Karla@gmail.com');
INSERT INTO Customers(customer_id, customer_phone, customer_address, customer_name, customer_email) VALUES (2, 82345678, 'Yishun', 'Samual', 'Samual@gmail.com');
INSERT INTO Customers(customer_id, customer_phone, customer_address, customer_name, customer_email) VALUES (3, 83456789, 'Changi', 'Taren', 'Taren@gmail.com');
INSERT INTO Customers(customer_id, customer_phone, customer_address, customer_name, customer_email) VALUES (4, 84567890, 'Expo', 'Debi', 'Debi@gmail.com');
INSERT INTO Customers(customer_id, customer_phone, customer_address, customer_name, customer_email) VALUES (5, 85678901, 'Jurong', 'Aisha', 'Aisha@gmail.com');
INSERT INTO Customers(customer_id, customer_phone, customer_address, customer_name, customer_email) VALUES (6, 86789012, 'Pasir Ris', 'Kesha', 'Kesha@gmail.com');
INSERT INTO Customers(customer_id, customer_phone, customer_address, customer_name, customer_email) VALUES (7, 87890123, 'Bugis', 'Liane', 'Liane@gmail.com');
INSERT INTO Customers(customer_id, customer_phone, customer_address, customer_name, customer_email) VALUES (8, 88901234, 'Jurong', 'Cuc', 'Cuc@gmail.com');
INSERT INTO Customers(customer_id, customer_phone, customer_address, customer_name, customer_email) VALUES (9, 89012345, 'Yishun', 'Tara', 'Tara@gmail.com');
INSERT INTO Customers(customer_id, customer_phone, customer_address, customer_name, customer_email) VALUES (10, 80123456, 'Changi', 'Natalya', 'Natalya@gmail.com');
INSERT INTO FullTimeEmployees(employee_id, employee_monthly_salary) VALUES (2, 1000);
INSERT INTO FullTimeEmployees(employee_id, employee_monthly_salary) VALUES (3, 2000);
INSERT INTO FullTimeEmployees(employee_id, employee_monthly_salary) VALUES (6, 3000);
INSERT INTO FullTimeEmployees(employee_id, employee_monthly_salary) VALUES (7, 4000);
INSERT INTO FullTimeEmployees(employee_id, employee_monthly_salary) VALUES (8, 5000);
INSERT INTO FullTimeEmployees(employee_id, employee_monthly_salary) VALUES (23, 1000);
INSERT INTO FullTimeEmployees(employee_id, employee_monthly_salary) VALUES (24, 2000);
INSERT INTO FullTimeEmployees(employee_id, employee_monthly_salary) VALUES (25, 3000);
INSERT INTO FullTimeEmployees(employee_id, employee_monthly_salary) VALUES (26, 4000);
INSERT INTO FullTimeEmployees(employee_id, employee_monthly_salary) VALUES (27, 5000);
INSERT INTO FullTimeEmployees(employee_id, employee_monthly_salary) VALUES (28, 1000);
INSERT INTO FullTimeEmployees(employee_id, employee_monthly_salary) VALUES (29, 2000);
INSERT INTO FullTimeEmployees(employee_id, employee_monthly_salary) VALUES (30, 3000);
INSERT INTO FullTimeEmployees(employee_id, employee_monthly_salary) VALUES (15, 4000);
INSERT INTO FullTimeEmployees(employee_id, employee_monthly_salary) VALUES (16, 5000);
INSERT INTO FullTimeEmployees(employee_id, employee_monthly_salary) VALUES (17, 1000);
INSERT INTO FullTimeEmployees(employee_id, employee_monthly_salary) VALUES (18, 2000);
INSERT INTO FullTimeEmployees(employee_id, employee_monthly_salary) VALUES (19, 3000);
INSERT INTO FullTimeEmployees(employee_id, employee_monthly_salary) VALUES (20, 4000);
INSERT INTO FullTimeEmployees(employee_id, employee_monthly_salary) VALUES (21, 5000);
INSERT INTO FullTimeEmployees(employee_id, employee_monthly_salary) VALUES (22, 1000);
INSERT INTO PartTimeEmployees(employee_id, employee_hourly_rate) VALUES (1, 8);
INSERT INTO PartTimeEmployees(employee_id, employee_hourly_rate) VALUES (4, 9);
INSERT INTO PartTimeEmployees(employee_id, employee_hourly_rate) VALUES (5, 10);
INSERT INTO PartTimeEmployees(employee_id, employee_hourly_rate) VALUES (12, 20);
INSERT INTO PartTimeEmployees(employee_id, employee_hourly_rate) VALUES (13, 30);
INSERT INTO PartTimeEmployees(employee_id, employee_hourly_rate) VALUES (14, 40);
INSERT INTO PartTimeEmployees(employee_id, employee_hourly_rate) VALUES (31, 50);
INSERT INTO PartTimeEmployees(employee_id, employee_hourly_rate) VALUES (32, 60);
INSERT INTO PartTimeEmployees(employee_id, employee_hourly_rate) VALUES (33, 70);
INSERT INTO PartTimeEmployees(employee_id, employee_hourly_rate) VALUES (34, 80);
INSERT INTO PartTimeEmployees(employee_id, employee_hourly_rate) VALUES (9, 10);
INSERT INTO PartTimeEmployees(employee_id, employee_hourly_rate) VALUES (10, 20);
INSERT INTO PartTimeEmployees(employee_id, employee_hourly_rate) VALUES (11, 30);
INSERT INTO Instructors(instructor_id) VALUES (1);
INSERT INTO Instructors(instructor_id) VALUES (4);
INSERT INTO Instructors(instructor_id) VALUES (5);
INSERT INTO Instructors(instructor_id) VALUES (8);
INSERT INTO Instructors(instructor_id) VALUES (9);
INSERT INTO Instructors(instructor_id) VALUES (10);
INSERT INTO Instructors(instructor_id) VALUES (11);
INSERT INTO Instructors(instructor_id) VALUES (12);
INSERT INTO Instructors(instructor_id) VALUES (13);
INSERT INTO Instructors(instructor_id) VALUES (14);
INSERT INTO Instructors(instructor_id) VALUES (31);
INSERT INTO Instructors(instructor_id) VALUES (32);
INSERT INTO Instructors(instructor_id) VALUES (33);
INSERT INTO Instructors(instructor_id) VALUES (34);
INSERT INTO Administrators(admin_id) VALUES (6);
INSERT INTO Administrators(admin_id) VALUES (7);
INSERT INTO Administrators(admin_id) VALUES (15);
INSERT INTO Administrators(admin_id) VALUES (16);
INSERT INTO Administrators(admin_id) VALUES (17);
INSERT INTO Administrators(admin_id) VALUES (18);
INSERT INTO Administrators(admin_id) VALUES (19);
INSERT INTO Administrators(admin_id) VALUES (20);
INSERT INTO Administrators(admin_id) VALUES (21);
INSERT INTO Administrators(admin_id) VALUES (22);
INSERT INTO Managers(manager_id) VALUES (2);
INSERT INTO Managers(manager_id) VALUES (3);
INSERT INTO Managers(manager_id) VALUES (23);
INSERT INTO Managers(manager_id) VALUES (24);
INSERT INTO Managers(manager_id) VALUES (25);
INSERT INTO Managers(manager_id) VALUES (26);
INSERT INTO Managers(manager_id) VALUES (27);
INSERT INTO Managers(manager_id) VALUES (28);
INSERT INTO Managers(manager_id) VALUES (29);
INSERT INTO Managers(manager_id) VALUES (30);
INSERT INTO FullTimeInstructors(instructor_id) VALUES (8);
INSERT INTO PartTimeInstructors(instructor_id) VALUES (1);
INSERT INTO PartTimeInstructors(instructor_id) VALUES (4);
INSERT INTO PartTimeInstructors(instructor_id) VALUES (5);
INSERT INTO PartTimeInstructors(instructor_id) VALUES (9);
INSERT INTO PartTimeInstructors(instructor_id) VALUES (10);
INSERT INTO PartTimeInstructors(instructor_id) VALUES (11);
INSERT INTO PartTimeInstructors(instructor_id) VALUES (12);
INSERT INTO PartTimeInstructors(instructor_id) VALUES (13);
INSERT INTO PartTimeInstructors(instructor_id) VALUES (14);
INSERT INTO PartTimeInstructors(instructor_id) VALUES (31);
INSERT INTO PartTimeInstructors(instructor_id) VALUES (32);
INSERT INTO PartTimeInstructors(instructor_id) VALUES (33);
INSERT INTO PartTimeInstructors(instructor_id) VALUES (34);
INSERT INTO CreditCards(credit_card_number, credit_card_cvv, credit_card_expiry_date) VALUES ('2221009800535070', '001', '2026-07-31');
INSERT INTO CreditCards(credit_card_number, credit_card_cvv, credit_card_expiry_date) VALUES ('2720992912410510', '002', '2026-08-01');
INSERT INTO CreditCards(credit_card_number, credit_card_cvv, credit_card_expiry_date) VALUES ('5221346498258540', '003', '2026-08-02');
INSERT INTO CreditCards(credit_card_number, credit_card_cvv, credit_card_expiry_date) VALUES ('5581206674057870', '004', '2026-08-03');
INSERT INTO CreditCards(credit_card_number, credit_card_cvv, credit_card_expiry_date) VALUES ('5464313917268790', '005', '2026-08-04');
INSERT INTO CreditCards(credit_card_number, credit_card_cvv, credit_card_expiry_date) VALUES ('2720992107020130', '006', '2026-08-05');
INSERT INTO CreditCards(credit_card_number, credit_card_cvv, credit_card_expiry_date) VALUES ('5329566110098690', '007', '2026-08-06');
INSERT INTO CreditCards(credit_card_number, credit_card_cvv, credit_card_expiry_date) VALUES ('5512067006104390', '008', '2026-08-07');
INSERT INTO CreditCards(credit_card_number, credit_card_cvv, credit_card_expiry_date) VALUES ('5276695735345690', '009', '2026-08-08');
INSERT INTO CreditCards(credit_card_number, credit_card_cvv, credit_card_expiry_date) VALUES ('5197566571366670', '010', '2026-08-09');
INSERT INTO Owns(customer_id, credit_card_number, own_from_timestamp) VALUES (1, '2221009800535070', '2021-01-31 00:00:00');
INSERT INTO Owns(customer_id, credit_card_number, own_from_timestamp) VALUES (2, '2720992912410510', '2021-02-01 00:00:00');
INSERT INTO Owns(customer_id, credit_card_number, own_from_timestamp) VALUES (3, '5221346498258540', '2021-02-02 00:00:00');
INSERT INTO Owns(customer_id, credit_card_number, own_from_timestamp) VALUES (4, '5581206674057870', '2021-02-03 00:00:00');
INSERT INTO Owns(customer_id, credit_card_number, own_from_timestamp) VALUES (5, '5464313917268790', '2021-02-04 00:00:00');
INSERT INTO Owns(customer_id, credit_card_number, own_from_timestamp) VALUES (6, '2720992107020130', '2021-02-05 00:00:00');
INSERT INTO Owns(customer_id, credit_card_number, own_from_timestamp) VALUES (7, '5329566110098690', '2021-02-06 00:00:00');
INSERT INTO Owns(customer_id, credit_card_number, own_from_timestamp) VALUES (8, '5512067006104390', '2021-02-07 00:00:00');
INSERT INTO Owns(customer_id, credit_card_number, own_from_timestamp) VALUES (9, '5276695735345690', '2021-02-08 00:00:00');
INSERT INTO Owns(customer_id, credit_card_number, own_from_timestamp) VALUES (10, '5197566571366670', '2021-02-09 00:00:00');
INSERT INTO CourseAreas(course_area_name, manager_id) VALUES ('Security', 2);
INSERT INTO CourseAreas(course_area_name, manager_id) VALUES ('Database', 23);
INSERT INTO CourseAreas(course_area_name, manager_id) VALUES ('Maths', 24);
INSERT INTO CourseAreas(course_area_name, manager_id) VALUES ('English', 25);
INSERT INTO CourseAreas(course_area_name, manager_id) VALUES ('Computing', 26);
INSERT INTO CourseAreas(course_area_name, manager_id) VALUES ('Accounting', 27);
INSERT INTO CourseAreas(course_area_name, manager_id) VALUES ('Film', 28);
INSERT INTO CourseAreas(course_area_name, manager_id) VALUES ('Music', 29);
INSERT INTO CourseAreas(course_area_name, manager_id) VALUES ('Writing', 30);
INSERT INTO CourseAreas(course_area_name, manager_id) VALUES ('Engineering', 3);
INSERT INTO Courses(course_id, course_title, course_description, course_duration, course_area_name ) VALUES (1, 'Linear Algebra', 'cool subject', 2, 'Maths');
INSERT INTO Courses(course_id, course_title, course_description, course_duration, course_area_name ) VALUES (2, 'Statistics', 'cool subject', 3, 'Maths');
INSERT INTO Courses(course_id, course_title, course_description, course_duration, course_area_name ) VALUES (3, 'Computer Security', 'cool subject', 2, 'Security');
INSERT INTO Courses(course_id, course_title, course_description, course_duration, course_area_name ) VALUES (4, 'Database', 'cool subject', 4, 'Database');
INSERT INTO Courses(course_id, course_title, course_description, course_duration, course_area_name ) VALUES (5, 'Operatin System', 'cool subject', 1, 'Computing');
INSERT INTO Courses(course_id, course_title, course_description, course_duration, course_area_name ) VALUES (6, 'Web Security', 'cool subject', 2, 'Security');
INSERT INTO Courses(course_id, course_title, course_description, course_duration, course_area_name ) VALUES (7, 'Machine Learning', 'cool subject', 2, 'Computing');
INSERT INTO Courses(course_id, course_title, course_description, course_duration, course_area_name ) VALUES (8, 'Computational Thinking', 'cool subject', 2, 'Computing');
INSERT INTO Courses(course_id, course_title, course_description, course_duration, course_area_name ) VALUES (9, 'Communication', 'cool subject', 1, 'English');
INSERT INTO Courses(course_id, course_title, course_description, course_duration, course_area_name ) VALUES (10, 'PSQL', 'cool subject', 1, 'Database');
INSERT INTO CourseOfferings(offering_launch_date, offering_fees, offering_registration_deadline, offering_num_target_registration, offering_seating_capacity, course_id, admin_id, offering_start_date, offering_end_date) VALUES ('2021-02-02 00:00:00', 100, '2021-08-18 00:00:00', 10, 10, 1, 7, '2021-08-30 00:00:00', '2021-08-30 00:00:00');
INSERT INTO CourseOfferings(offering_launch_date, offering_fees, offering_registration_deadline, offering_num_target_registration, offering_seating_capacity, course_id, admin_id, offering_start_date, offering_end_date) VALUES ('2021-02-03 00:00:00', 101, '2021-08-19 00:00:00', 10, 20, 2, 6, '2021-08-30 00:00:00', '2021-09-01 00:00:00');
INSERT INTO CourseOfferings(offering_launch_date, offering_fees, offering_registration_deadline, offering_num_target_registration, offering_seating_capacity, course_id, admin_id, offering_start_date, offering_end_date) VALUES ('2021-02-04 00:00:00', 102, '2021-08-20 00:00:00', 10, 30, 3, 6, '2021-09-01 00:00:00', '2021-09-02 00:00:00');
INSERT INTO CourseOfferings(offering_launch_date, offering_fees, offering_registration_deadline, offering_num_target_registration, offering_seating_capacity, course_id, admin_id, offering_start_date, offering_end_date) VALUES ('2021-02-05 00:00:00', 201, '2021-08-21 00:00:00', 10, 40, 4, 6, '2021-09-02 00:00:00', '2021-09-03 00:00:00');
INSERT INTO CourseOfferings(offering_launch_date, offering_fees, offering_registration_deadline, offering_num_target_registration, offering_seating_capacity, course_id, admin_id, offering_start_date, offering_end_date) VALUES ('2021-02-06 00:00:00', 202, '2021-08-22 00:00:00', 30, 50, 5, 7, '2021-09-03 00:00:00', '2021-09-06 00:00:00');
INSERT INTO CourseOfferings(offering_launch_date, offering_fees, offering_registration_deadline, offering_num_target_registration, offering_seating_capacity, course_id, admin_id, offering_start_date, offering_end_date) VALUES ('2021-02-05', 303, '2021-08-24 00:00:00', 10, 70, 7, 7, '2021-09-06 00:00:00', '2021-09-06 00:00:00');
INSERT INTO CourseOfferings(offering_launch_date, offering_fees, offering_registration_deadline, offering_num_target_registration, offering_seating_capacity, course_id, admin_id, offering_start_date, offering_end_date) VALUES ('2021-02-16', 400, '2021-04-07', 20, 60, 6, 6, '2021-09-09', '2021-09-10');
INSERT INTO CourseOfferings(offering_launch_date, offering_fees, offering_registration_deadline, offering_num_target_registration, offering_seating_capacity, course_id, admin_id, offering_start_date, offering_end_date) VALUES ('2021-02-17', 400, '2021-08-25 00:00:00', 30, 80, 8, 7, '2021-09-13', '2021-09-14');
INSERT INTO CourseOfferings(offering_launch_date, offering_fees, offering_registration_deadline, offering_num_target_registration, offering_seating_capacity, course_id, admin_id, offering_start_date, offering_end_date) VALUES ('2021-02-18', 400, '2021-08-26 00:00:00', 40, 90, 9, 7, '2021-09-14', '2021-09-15');
INSERT INTO CourseOfferings(offering_launch_date, offering_fees, offering_registration_deadline, offering_num_target_registration, offering_seating_capacity, course_id, admin_id, offering_start_date, offering_end_date) VALUES ('2021-02-19', 400, '2021-08-27 00:00:00', 50, 100, 10, 7, '2021-09-16', '2021-09-17');
INSERT INTO CoursePackages(package_id, package_name, package_num_free_registrations, package_sale_start_date, package_sale_end_date, package_price) VALUES (1, 'Package 1', 2, '2021-02-28 00:00:00', '2021-03-02 00:00:00', 20);
INSERT INTO CoursePackages(package_id, package_name, package_num_free_registrations, package_sale_start_date, package_sale_end_date, package_price) VALUES (2, 'Package 2', 3, '2021-03-01 00:00:00', '2021-03-03 00:00:00', 30);
INSERT INTO CoursePackages(package_id, package_name, package_num_free_registrations, package_sale_start_date, package_sale_end_date, package_price) VALUES (3, 'Package 3', 4, '2021-03-02 00:00:00', '2021-03-04 00:00:00', 40);
INSERT INTO CoursePackages(package_id, package_name, package_num_free_registrations, package_sale_start_date, package_sale_end_date, package_price) VALUES (4, 'Package 4', 5, '2021-03-03 00:00:00', '2021-03-05 00:00:00', 50);
INSERT INTO CoursePackages(package_id, package_name, package_num_free_registrations, package_sale_start_date, package_sale_end_date, package_price) VALUES (5, 'Package 5', 6, '2021-03-04 00:00:00', '2021-03-06 00:00:00', 60);
INSERT INTO CoursePackages(package_id, package_name, package_num_free_registrations, package_sale_start_date, package_sale_end_date, package_price) VALUES (6, 'Package 6', 7, '2021-03-05 00:00:00', '2021-03-07 00:00:00', 70);
INSERT INTO CoursePackages(package_id, package_name, package_num_free_registrations, package_sale_start_date, package_sale_end_date, package_price) VALUES (7, 'Package 7', 8, '2021-03-06 00:00:00', '2021-03-08 00:00:00', 80);
INSERT INTO CoursePackages(package_id, package_name, package_num_free_registrations, package_sale_start_date, package_sale_end_date, package_price) VALUES (8, 'Package 8', 9, '2021-03-07 00:00:00', '2021-03-09 00:00:00', 90);
INSERT INTO CoursePackages(package_id, package_name, package_num_free_registrations, package_sale_start_date, package_sale_end_date, package_price) VALUES (9, 'Package 9', 10, '2021-03-08 00:00:00', '2021-03-10 00:00:00', 100);
INSERT INTO CoursePackages(package_id, package_name, package_num_free_registrations, package_sale_start_date, package_sale_end_date, package_price) VALUES (10, 'Package 10', 11, '2021-03-09 00:00:00', '2021-03-11 00:00:00', 110);
INSERT INTO Specializes(instructor_id, course_area_name) VALUES (1, 'Security');
INSERT INTO Specializes(instructor_id, course_area_name) VALUES (4, 'Maths');
INSERT INTO Specializes(instructor_id, course_area_name) VALUES (5, 'Maths');
INSERT INTO Specializes(instructor_id, course_area_name) VALUES (5, 'Security');
INSERT INTO Specializes(instructor_id, course_area_name) VALUES (1, 'Database');
INSERT INTO Specializes(instructor_id, course_area_name) VALUES (4, 'Database');
INSERT INTO Specializes(instructor_id, course_area_name) VALUES (1, 'Computing');
INSERT INTO Specializes(instructor_id, course_area_name) VALUES (5, 'Computing');
INSERT INTO Specializes(instructor_id, course_area_name) VALUES (9, 'Computing');
INSERT INTO Specializes(instructor_id, course_area_name) VALUES (10, 'Security');
INSERT INTO Specializes(instructor_id, course_area_name) VALUES (11, 'Maths');
INSERT INTO Specializes(instructor_id, course_area_name) VALUES (12, 'Database');
INSERT INTO Specializes(instructor_id, course_area_name) VALUES (8, 'English');
INSERT INTO Rooms(room_id, room_location, room_seating_capacity) VALUES (1, 'COM1', 10);
INSERT INTO Rooms(room_id, room_location, room_seating_capacity) VALUES (2, 'COM2', 20);
INSERT INTO Rooms(room_id, room_location, room_seating_capacity) VALUES (3, 'COM3', 30);
INSERT INTO Rooms(room_id, room_location, room_seating_capacity) VALUES (4, 'COM4', 40);
INSERT INTO Rooms(room_id, room_location, room_seating_capacity) VALUES (5, 'COM5 ', 50);
INSERT INTO Rooms(room_id, room_location, room_seating_capacity) VALUES (6, 'COM6', 60);
INSERT INTO Rooms(room_id, room_location, room_seating_capacity) VALUES (7, 'COM7', 70);
INSERT INTO Rooms(room_id, room_location, room_seating_capacity) VALUES (8, 'COM8', 80);
INSERT INTO Rooms(room_id, room_location, room_seating_capacity) VALUES (9, 'COM9', 90);
INSERT INTO Rooms(room_id, room_location, room_seating_capacity) VALUES (10, 'COM10', 100);
INSERT INTO Sessions(session_id, session_date, session_start_hour, session_end_hour, course_id, offering_launch_date, room_id, instructor_id) VALUES (1, '2021-08-30', 14, 16, 1, '2021-02-02', 1, 4);
INSERT INTO Sessions(session_id, session_date, session_start_hour, session_end_hour, course_id, offering_launch_date, room_id, instructor_id) VALUES (1, '2021-08-30', 9, 12, 2, '2021-02-03', 2, 5);
INSERT INTO Sessions(session_id, session_date, session_start_hour, session_end_hour, course_id, offering_launch_date, room_id, instructor_id) VALUES (2, '2021-09-01', 9, 12, 2, '2021-02-03', 2, 1);
INSERT INTO Sessions(session_id, session_date, session_start_hour, session_end_hour, course_id, offering_launch_date, room_id, instructor_id) VALUES (1, '2021-09-01', 14, 16, 3, '2021-02-04', 3, 4);
INSERT INTO Sessions(session_id, session_date, session_start_hour, session_end_hour, course_id, offering_launch_date, room_id, instructor_id) VALUES (2, '2021-09-02', 14, 16, 3, '2021-02-04', 3, 5);
INSERT INTO Sessions(session_id, session_date, session_start_hour, session_end_hour, course_id, offering_launch_date, room_id, instructor_id) VALUES (1, '2021-09-02', 14, 18, 4, '2021-02-05', 4, 1);
INSERT INTO Sessions(session_id, session_date, session_start_hour, session_end_hour, course_id, offering_launch_date, room_id, instructor_id) VALUES (2, '2021-09-03', 14, 18, 4, '2021-02-05', 4, 4);
INSERT INTO Sessions(session_id, session_date, session_start_hour, session_end_hour, course_id, offering_launch_date, room_id, instructor_id) VALUES (1, '2021-09-03', 10, 11, 5, '2021-02-06', 5, 5);
INSERT INTO Sessions(session_id, session_date, session_start_hour, session_end_hour, course_id, offering_launch_date, room_id, instructor_id) VALUES (2, '2021-09-06', 14, 15, 5, '2021-02-06', 5, 1);
INSERT INTO Sessions(session_id, session_date, session_start_hour, session_end_hour, course_id, offering_launch_date, room_id, instructor_id) VALUES (1, '2021-09-06', 14, 16, 7, '2021-02-05', 7, 5);
INSERT INTO Sessions(session_id, session_date, session_start_hour, session_end_hour, course_id, offering_launch_date, room_id, instructor_id) VALUES (1, '2021-09-13', 10, 12, 8, '2021-02-17', 8, 9);
INSERT INTO Sessions(session_id, session_date, session_start_hour, session_end_hour, course_id, offering_launch_date, room_id, instructor_id) VALUES (2, '2021-09-14', 9, 11, 8, '2021-02-17', 8, 1);
INSERT INTO Sessions(session_id, session_date, session_start_hour, session_end_hour, course_id, offering_launch_date, room_id, instructor_id) VALUES (1, '2021-09-14', 10, 11, 9, '2021-02-18', 9, 8);
INSERT INTO Sessions(session_id, session_date, session_start_hour, session_end_hour, course_id, offering_launch_date, room_id, instructor_id) VALUES (2, '2021-09-15', 9, 10, 9, '2021-02-18', 9, 8);
INSERT INTO Sessions(session_id, session_date, session_start_hour, session_end_hour, course_id, offering_launch_date, room_id, instructor_id) VALUES (1, '2021-09-16', 10, 11, 10, '2021-02-19', 10, 1);
INSERT INTO Sessions(session_id, session_date, session_start_hour, session_end_hour, course_id, offering_launch_date, room_id, instructor_id) VALUES (2, '2021-09-17', 11, 12, 10, '2021-02-19', 10, 12);
INSERT INTO Buys(buy_timestamp, buy_num_remaining_redemptions, package_id, customer_id, credit_card_number) VALUES ('2021-03-01 00:00:00', 2, 1, 1, '2221009800535070');
INSERT INTO Buys(buy_timestamp, buy_num_remaining_redemptions, package_id, customer_id, credit_card_number) VALUES ('2021-03-02 00:00:00', 3, 2, 2, '2720992912410510');
INSERT INTO Buys(buy_timestamp, buy_num_remaining_redemptions, package_id, customer_id, credit_card_number) VALUES ('2021-03-03 00:00:00', 4, 3, 3, '5221346498258540');
INSERT INTO Buys(buy_timestamp, buy_num_remaining_redemptions, package_id, customer_id, credit_card_number) VALUES ('2021-03-04 00:00:00', 5, 4, 4, '5581206674057870');
INSERT INTO Buys(buy_timestamp, buy_num_remaining_redemptions, package_id, customer_id, credit_card_number) VALUES ('2021-03-05 00:00:00', 6, 5, 5, '5464313917268790');
INSERT INTO Buys(buy_timestamp, buy_num_remaining_redemptions, package_id, customer_id, credit_card_number) VALUES ('2021-03-06 00:00:00', 7, 6, 6, '2720992107020130');
INSERT INTO Buys(buy_timestamp, buy_num_remaining_redemptions, package_id, customer_id, credit_card_number) VALUES ('2021-03-07 00:00:00', 8, 7, 7, '5329566110098690');
INSERT INTO Buys(buy_timestamp, buy_num_remaining_redemptions, package_id, customer_id, credit_card_number) VALUES ('2021-03-08 00:00:00', 9, 8, 8, '5512067006104390');
INSERT INTO Buys(buy_timestamp, buy_num_remaining_redemptions, package_id, customer_id, credit_card_number) VALUES ('2021-03-09 00:00:00', 10, 9, 9, '5276695735345690');
INSERT INTO Buys(buy_timestamp, buy_num_remaining_redemptions, package_id, customer_id, credit_card_number) VALUES ('2021-03-10 00:00:00', 11, 10, 10, '5197566571366670');
INSERT INTO Redeems(redeem_timestamp, buy_timestamp, session_id, offering_launch_date, course_id , redeem_cancelled) VALUES ('2021-08-03 00:00:00', '2021-03-01 00:00:00', 2, '2021-02-03 00:00:00', 2, 'False');
INSERT INTO Redeems(redeem_timestamp, buy_timestamp, session_id, offering_launch_date, course_id , redeem_cancelled) VALUES ('2021-08-04 00:00:00', '2021-03-02 00:00:00', 1, '2021-02-03 00:00:00', 2, 'False');
INSERT INTO Redeems(redeem_timestamp, buy_timestamp, session_id, offering_launch_date, course_id , redeem_cancelled) VALUES ('2021-08-05 00:00:00', '2021-03-03 00:00:00', 2, '2021-02-04 00:00:00', 3, 'False');
INSERT INTO Redeems(redeem_timestamp, buy_timestamp, session_id, offering_launch_date, course_id , redeem_cancelled) VALUES ('2021-08-06 00:00:00', '2021-03-04 00:00:00', 1, '2021-02-04 00:00:00', 3, 'False');
INSERT INTO Redeems(redeem_timestamp, buy_timestamp, session_id, offering_launch_date, course_id , redeem_cancelled) VALUES ('2021-08-07 00:00:00', '2021-03-05 00:00:00', 1, '2021-02-04 00:00:00', 3, 'True');
INSERT INTO Redeems(redeem_timestamp, buy_timestamp, session_id, offering_launch_date, course_id , redeem_cancelled) VALUES ('2021-08-08 00:00:00', '2021-03-06 00:00:00', 2, '2021-02-05 00:00:00', 4, 'True');
INSERT INTO Redeems(redeem_timestamp, buy_timestamp, session_id, offering_launch_date, course_id , redeem_cancelled) VALUES ('2021-08-09 00:00:00', '2021-03-07 00:00:00', 1, '2021-02-05 00:00:00', 4, 'True');
INSERT INTO Redeems(redeem_timestamp, buy_timestamp, session_id, offering_launch_date, course_id , redeem_cancelled) VALUES ('2021-08-10 00:00:00', '2021-03-08 00:00:00', 2, '2021-02-17 00:00:00', 8, 'True');
INSERT INTO Redeems(redeem_timestamp, buy_timestamp, session_id, offering_launch_date, course_id , redeem_cancelled) VALUES ('2021-08-11 00:00:00', '2021-03-09 00:00:00', 1, '2021-02-17 00:00:00', 8, 'False');
INSERT INTO Redeems(redeem_timestamp, buy_timestamp, session_id, offering_launch_date, course_id , redeem_cancelled) VALUES ('2021-08-12 00:00:00', '2021-03-10 00:00:00', 2, '2021-02-18 00:00:00', 9, 'False');
INSERT INTO Registers(register_timestamp, customer_id, credit_card_number, session_id, offering_launch_date, course_id, register_cancelled) VALUES ('2021-08-08 00:00:00', 8, '5512067006104390', 2, '2021-02-05 00:00:00', 4, 'True');
INSERT INTO Registers(register_timestamp, customer_id, credit_card_number, session_id, offering_launch_date, course_id, register_cancelled) VALUES ('2021-08-09 00:00:00', 9, '5276695735345690', 1, '2021-02-05 00:00:00', 4, 'False');
INSERT INTO Registers(register_timestamp, customer_id, credit_card_number, session_id, offering_launch_date, course_id, register_cancelled) VALUES ('2021-08-10 00:00:00', 2, '2720992912410510', 2, '2021-02-06 00:00:00', 5, 'False');
INSERT INTO Registers(register_timestamp, customer_id, credit_card_number, session_id, offering_launch_date, course_id, register_cancelled) VALUES ('2021-08-11 01:00:00', 3, '5221346498258540', 1, '2021-02-06 00:00:00', 5, 'False');
INSERT INTO Registers(register_timestamp, customer_id, credit_card_number, session_id, offering_launch_date, course_id, register_cancelled) VALUES ('2021-08-12 00:00:00', 4, '5581206674057870', 2, '2021-02-06 00:00:00', 5, 'False');
INSERT INTO Registers(register_timestamp, customer_id, credit_card_number, session_id, offering_launch_date, course_id, register_cancelled) VALUES ('2021-08-13 00:00:00', 1, '2221009800535070', 1, '2021-02-05 00:00:00', 7, 'True');
INSERT INTO Registers(register_timestamp, customer_id, credit_card_number, session_id, offering_launch_date, course_id, register_cancelled) VALUES ('2021-08-14 00:00:00', 6, '2720992107020130', 1, '2021-02-05 00:00:00', 7, 'True');
INSERT INTO Registers(register_timestamp, customer_id, credit_card_number, session_id, offering_launch_date, course_id, register_cancelled) VALUES ('2021-08-15 00:00:00', 7, '5329566110098690', 1, '2021-02-17 00:00:00', 8, 'True');
INSERT INTO Registers(register_timestamp, customer_id, credit_card_number, session_id, offering_launch_date, course_id, register_cancelled) VALUES ('2021-08-16 00:00:00', 2, '2720992912410510', 1, '2021-02-18 00:00:00', 9, 'True');
INSERT INTO Registers(register_timestamp, customer_id, credit_card_number, session_id, offering_launch_date, course_id, register_cancelled) VALUES ('2021-08-11 00:00:00', 3, '5221346498258540', 2, '2021-02-19 00:00:00', 10, 'True');
INSERT INTO Cancels(cancel_timestamp, cancel_refund_amount, cancel_package_credit, course_id, session_id, offering_launch_date, customer_id) VALUES ('2021-08-09 00:00:00', '180.9', '0', 4, 2, '2021-02-05 00:00:00', 6);
INSERT INTO Cancels(cancel_timestamp, cancel_refund_amount, cancel_package_credit, course_id, session_id, offering_launch_date, customer_id) VALUES ('2021-08-10 00:00:00', '180.9', '0', 4, 1, '2021-02-05 00:00:00', 7);
INSERT INTO Cancels(cancel_timestamp, cancel_refund_amount, cancel_package_credit, course_id, session_id, offering_launch_date, customer_id) VALUES ('2021-08-11 00:00:00', '181.8', '0', 5, 2, '2021-02-06 00:00:00', 2);
INSERT INTO Cancels(cancel_timestamp, cancel_refund_amount, cancel_package_credit, course_id, session_id, offering_launch_date, customer_id) VALUES ('2021-08-12 00:00:00', '181.8', '0', 5, 1, '2021-02-06 00:00:00', 3);
INSERT INTO Cancels(cancel_timestamp, cancel_refund_amount, cancel_package_credit, course_id, session_id, offering_launch_date, customer_id) VALUES ('2021-08-13 00:00:00', '181.8', '0', 5, 2, '2021-02-06 00:00:00', 4);
INSERT INTO Cancels(cancel_timestamp, cancel_refund_amount, cancel_package_credit, course_id, session_id, offering_launch_date, customer_id) VALUES ('2021-08-14 00:00:00', 360, '0', 10, 1, '2021-02-19 00:00:00', 3);
INSERT INTO Cancels(cancel_timestamp, cancel_refund_amount, cancel_package_credit, course_id, session_id, offering_launch_date, customer_id) VALUES ('2021-08-15 00:00:00', 0, '1', 3, 1, '2021-02-04 00:00:00', 5);
INSERT INTO Cancels(cancel_timestamp, cancel_refund_amount, cancel_package_credit, course_id, session_id, offering_launch_date, customer_id) VALUES ('2021-08-16 00:00:00', 0, '1', 7, 1, '2021-02-05 00:00:00', 6);
INSERT INTO Cancels(cancel_timestamp, cancel_refund_amount, cancel_package_credit, course_id, session_id, offering_launch_date, customer_id) VALUES ('2021-08-17 00:00:00', 0, '1', 8, 1, '2021-02-17 00:00:00', 7);
INSERT INTO Cancels(cancel_timestamp, cancel_refund_amount, cancel_package_credit, course_id, session_id, offering_launch_date, customer_id) VALUES ('2021-08-18 00:00:00', 0, '1', 9, 2, '2021-02-18 00:00:00', 8);
INSERT INTO PaySlips(employee_id, payslip_date, payslip_amount, payslip_num_work_hours) VALUES (1, '2021-03-31 00:00:00', 80, 8);
INSERT INTO PaySlips(employee_id, payslip_date, payslip_amount, payslip_num_work_days) VALUES (2, '2021-03-31 00:00:00', 1000, 10);
INSERT INTO PaySlips(employee_id, payslip_date, payslip_amount, payslip_num_work_days) VALUES (3, '2021-03-31 00:00:00', 2000, 10);
INSERT INTO PaySlips(employee_id, payslip_date, payslip_amount, payslip_num_work_hours) VALUES (4, '2021-03-31 00:00:00', 80, 8);
INSERT INTO PaySlips(employee_id, payslip_date, payslip_amount, payslip_num_work_hours) VALUES (5, '2021-03-31 00:00:00', 80, 8);
INSERT INTO PaySlips(employee_id, payslip_date, payslip_amount, payslip_num_work_days) VALUES (6, '2021-03-31 00:00:00', 3000, 10);
INSERT INTO PaySlips(employee_id, payslip_date, payslip_amount, payslip_num_work_days) VALUES (7, '2021-03-31 00:00:00', 4000, 10);
INSERT INTO PaySlips(employee_id, payslip_date, payslip_amount, payslip_num_work_days) VALUES (8, '2021-03-31 00:00:00', 5000, 30);
INSERT INTO PaySlips(employee_id, payslip_date, payslip_amount, payslip_num_work_hours) VALUES (9, '2021-03-31 00:00:00', 20, 2);
INSERT INTO PaySlips(employee_id, payslip_date, payslip_amount, payslip_num_work_hours) VALUES (10, '2021-03-31 00:00:00', 0, 0);
INSERT INTO PaySlips(employee_id, payslip_date, payslip_amount, payslip_num_work_hours) VALUES (11, '2021-03-31 00:00:00', 0, 0);
INSERT INTO PaySlips(employee_id, payslip_date, payslip_amount, payslip_num_work_hours) VALUES (12, '2021-03-31 00:00:00', 20, 1);
INSERT INTO PaySlips(employee_id, payslip_date, payslip_amount, payslip_num_work_hours) VALUES (13, '2021-03-31 00:00:00', 0, 0);
INSERT INTO PaySlips(employee_id, payslip_date, payslip_amount, payslip_num_work_hours) VALUES (14, '2021-03-31 00:00:00', 0, 0);
INSERT INTO PaySlips(employee_id, payslip_date, payslip_amount, payslip_num_work_days) VALUES (15, '2021-03-31 00:00:00', 4000, 30);
INSERT INTO PaySlips(employee_id, payslip_date, payslip_amount, payslip_num_work_days) VALUES (16, '2021-03-31 00:00:00', 5000, 30);
INSERT INTO PaySlips(employee_id, payslip_date, payslip_amount, payslip_num_work_days) VALUES (17, '2021-03-31 00:00:00', 1000, 30);
INSERT INTO PaySlips(employee_id, payslip_date, payslip_amount, payslip_num_work_days) VALUES (18, '2021-03-31 00:00:00', 2000, 30);
INSERT INTO PaySlips(employee_id, payslip_date, payslip_amount, payslip_num_work_days) VALUES (19, '2021-03-31 00:00:00', 3000, 30);
INSERT INTO PaySlips(employee_id, payslip_date, payslip_amount, payslip_num_work_days) VALUES (20, '2021-03-31 00:00:00', 4000, 30);
INSERT INTO PaySlips(employee_id, payslip_date, payslip_amount, payslip_num_work_days) VALUES (21, '2021-03-31 00:00:00', 5000, 30);
INSERT INTO PaySlips(employee_id, payslip_date, payslip_amount, payslip_num_work_days) VALUES (22, '2021-03-31 00:00:00', 1000, 30);
INSERT INTO PaySlips(employee_id, payslip_date, payslip_amount, payslip_num_work_days) VALUES (23, '2021-03-31 00:00:00', 1000, 30);
INSERT INTO PaySlips(employee_id, payslip_date, payslip_amount, payslip_num_work_days) VALUES (24, '2021-03-31 00:00:00', 2000, 30);
INSERT INTO PaySlips(employee_id, payslip_date, payslip_amount, payslip_num_work_days) VALUES (25, '2021-03-31 00:00:00', 3000, 30);
INSERT INTO PaySlips(employee_id, payslip_date, payslip_amount, payslip_num_work_days) VALUES (26, '2021-03-31 00:00:00', 4000, 30);
INSERT INTO PaySlips(employee_id, payslip_date, payslip_amount, payslip_num_work_days) VALUES (27, '2021-03-31 00:00:00', 5000, 30);
INSERT INTO PaySlips(employee_id, payslip_date, payslip_amount, payslip_num_work_days) VALUES (28, '2021-03-31 00:00:00', 1000, 30);
INSERT INTO PaySlips(employee_id, payslip_date, payslip_amount, payslip_num_work_days) VALUES (29, '2021-03-31 00:00:00', 2000, 30);
INSERT INTO PaySlips(employee_id, payslip_date, payslip_amount, payslip_num_work_days) VALUES (30, '2021-03-31 00:00:00', 3000, 30);
END;
